Happy	en	ADJ
birthday	en	NOUN
di	hi	VERB
..	univ	X

Live	en	VERB
long	en	ADJ
!	univ	X
Ding	en	NOUN
dong	en	VERB

Thnk	hi	VERB
u	hi	PRON
akki	hi	NOUN

are	hi	VERB
..	univ	X

Jage	en	NOUN
hue	hi	ADJ
ho	hi	VERB

So	hi	ADP
gyi	hi	NOUN
thi	hi	VERB

Abi	hi	NOUN
uthi	hi	NOUN

Bahut	hi	NOUN
sahi	hi	NOUN

Kai's	hi	NOUN
ho	hi	VERB
?	univ	X

Mai	hi	NOUN
achhi	hi	ADJ

Tu	hi	#
sunnna	hi	NOUN

Bas	hi	X
didi	hi	NOUN
sab	hi	DET
thk	hi	X

Haan	hi	U

Agye	hi	ADJ
tum	hi	X
log	hi	NOUN
chennai	ne	NOUN
se	hi	ADP
??	univ	X

Nahi	hi	NOUN
didi	hi	NOUN
wo	hi	VERB
log	hi	NOUN
nahi	hi	NOUN
aaye	hi	NOUN

Abhi	hi	NOUN
tak	hi	X

Tu	hi	X
ni	hi	PART
gya	hi	NOUN
??	univ	X

Nai	hi	PRON
di	hi	VERB
..	univ	X

Mandir	ne	NOUN
gaya	hi	NOUN
tha	hi	X
main	hi	NOUN
..	univ	X
Okkk	hi	U

Or	hi	X
bdday	en	NOUN
kaisa	hi	NOUN
raha	hi	NOUN
di	hi	VERB
?	univ	X

Ofc	hi	VERB
me	hi	PRON
thi	hi	VERB

Ghr	hi	NOUN
aayi	hi	NOUN
jldi	hi	NOUN
but	en	CONJ
whi	hi	PRON
ghr	hi	NOUN
pe	hi	ADP
hun	hi	VERB

Are	hi	VERB
..	univ	X

To	hi	ADP
budday	en	VERB
gifts	hi	NOUN
to	hi	ADP
mil	hi	NOUN
Hi	hi	NOUN
gaye	hi	NOUN
na	hi	PART
aapke	hi	NOUN
...	univ	X
ðŸ¤—	hi	X
lill	en	VERB
bro	en	VERB
wale	hi	NOUN

Haan	hi	U

Mera	hi	NOUN
bhaiðŸ˜˜ðŸ˜˜	hi	NOUN

Di	hi	NOUN
namaskaramm	hi	VERB

Namashkar	hi	NOUN
akki	hi	NOUN

Kaisa	hi	NOUN
hain	hi	VERB
??	univ	X

Mast	hi	ADJ
hun	hi	VERB
di	hi	VERB

Ghar	hi	X
aaya	hi	NOUN
hu	hi	VERB
...	univ	X

Abhi	hi	NOUN
abhi	hi	NOUN
nizamuddin	hi	PRON
pahucha	hi	NOUN

Ghar	hi	NOUN
ja	hi	NOUN
ra	hi	ADP
hu	hi	VERB
ab	hi	ADP
bus	en	NOUN
em	hi	PRON

Me	hi	PRON

Haan	hi	U

Bhai	hi	NOUN
ne	hi	ADP
btaya	hi	NOUN

Mera	hi	NOUN
bhai	hi	NOUN
bhi	hi	NOUN
aa	hi	ADP
jata	hi	NOUN

Are	hi	VERB
bohot	hi	NOUN
bola	hi	NOUN
mene	hi	VERB
di	hi	VERB
usko	hi	PRON
ki	hi	PRON
chal	hi	ADJ
.	univ	X
Ek	hi	X
Hi	hi	NOUN
tiket	ne	VERB
me	hi	PRON
ho	hi	VERB
jyga	hi	NOUN
kam	hi	X
bhi	hi	NOUN
..	univ	X
Bolta	hi	NOUN
ke	hi	PRON
project	en	VERB
karega	hi	NOUN
..	univ	X

Whi	hi	$
na	hi	PART

Maine	hi	NOUN
bi	hi	NOUN
bola	hi	NOUN

Han	hi	VERB
woi	hi	PRON
to	hi	PART
..	univ	X

May	hi	VERB
this	en	DET
season	en	NOUN
of	hi	ADP
color	hi	NOUN
bring	en	VERB
you	en	PRON
cheer	en	ADJ
and	en	CONJ
happiness	en	VERB
.	univ	X
May	hi	VERB
the	en	DET
colors	hi	NOUN
of	hi	ADP
the	en	DET
Holi	hi	NOUN
continues	en	NOUN
to	hi	ADP
illuminate	en	VERB
your	en	DET
life	ne	NOUN
and	en	CONJ

guide	en	NOUN
you	en	PRON
towards	hi	VERB
the	en	DET
path	univ	NOUN
of	hi	ADP
suCONJess	en	NOUN
.	univ	X
Happy	en	ADJ
Holi	hi	NOUN
!	univ	X
ðŸ˜ŠðŸ˜ŠðŸ˜Š	hi	E

kamine	hi	NOUN

Hi	hi	PART
Di	hi	NOUN
..	univ	X

Namaskaar	hi	PART

ðŸ’£ðŸ’£ðŸ’£ðŸ’£ðŸ’£	hi	X

ðŸ˜¡ðŸ˜¡ðŸ˜¡ðŸ˜¡ðŸ˜¡ðŸ˜¡	hi	E

baat	hi	NOUN
na	hi	PART
kr	hi	X
smjha	ne	NOUN

ðŸ¤‘ðŸ¤‘ðŸ¤‘	hi	X

Ye	hi	PRON
kya	hi	ADJ
bomb	hi	NOUN
dikha	hi	VERB
Rahe	hi	NOUN
ho	hi	VERB

tujhe	hi	NOUN
udane	univ	NOUN
k	hi	X
liye	hi	ADP

Are	hi	VERB
mera	hi	NOUN
baby	hi	NOUN
naraj	hi	NOUN
hogya	hi	NOUN

ðŸ˜›	hi	E

ðŸ˜˜ðŸ˜˜ðŸ˜˜	hi	E

baby	hi	NOUN
???	univ	X

itne	hi	NOUN
chaate	hi	VERB
khayega	hi	NOUN
pdai	hi	NOUN
bhul	hi	NOUN
jyega	hi	NOUN

Ye	hi	PRON
bomb	hi	NOUN
mere	hi	VERB
bombsðŸ’¨	hi	NOUN
ke	hi	PRON
aage	en	NOUN
Kuch	hi	X
nai	hi	$
hainðŸ˜ðŸ˜	hi	VERB

ðŸ˜¡ðŸ˜¡ðŸ˜³ðŸ˜³ðŸ˜¡ðŸ˜¡	hi	null

acha	hi	ADJ
g	hi	NOUN

Kahe	hi	NOUN
ke	hi	PRON
chaate	hi	VERB
?	univ	X

or	hi	CONJ
btaaa	univ	NOUN
kaisa	hi	NOUN
h	hi	X
?????	univ	X

Mastttt	hi	U

pdai	hi	NOUN
kaisi	hi	NOUN
chl	hi	NOUN
rhi	hi	NOUN
h	hi	X

Kyu	hi	X
gf	hi	NOUN
bi	hi	NOUN
baby	hi	NOUN
hoti	hi	VERB
h	hi	X
kya	hi	NOUN

Behen	hi	NOUN
Ni	hi	PRON
hoti	hi	VERB
kya	hi	ADJ

Padhai	hi	NOUN
hi	hi	PART
to	hi	ADP
chalti	hi	VERB
hai	hi	VERB

glti	hi	NOUN
se	hi	PRON
di	hi	VERB
ko	hi	ADP
b	hi	VERB
yaad	hi	NOUN
kr	hi	PRON
liya	hi	NOUN
kr	hi	PRON

Or	hi	X
chalti	hi	NOUN
rehti	hi	NOUN
hai	hi	VERB

hoti	hi	VERB
h	hi	PART
bt	hi	CONJ
abhi	hi	NOUN
main	hi	NOUN
tujhse	hi	VERB
naraj	hi	NOUN
hu	hi	VERB

Kar	hi	X
to	hi	ADP
liya	hi	VERB

ðŸ˜ðŸ˜ðŸ˜ðŸ˜	hi	E

okkkk	hi	U

Shadi	hi	NOUN
kab	hi	ADP
hai	hi	VERB
?	univ	X

pooja	ne	NOUN
ne	hi	ADP
kaha	hi	X
h	hi	X

Nahi	hi	NOUN
apka	hi	NOUN
message	en	NOUN
mila	hi	NOUN
phke	hi	NOUN

to	hi	ADP
kr	hi	VERB
liya	hi	E

Phle	hi	NOUN

Fir	hi	NOUN
bad	hi	VERB
me	hi	PRON
pooja	ne	NOUN
ne	hi	ADP
bataya	hi	NOUN

aa	hi	ADP
kr	hi	X
ldka	hi	NOUN
dekh	hi	VERB
tbhi	hi	NOUN
to	hi	ADP
hogi	hi	VERB

okkkk	hi	U

abhi	hi	NOUN
ni	hi	PART
malum	ne	NOUN
bt	hi	CONJ
kya	hi	ADJ
pooja	ne	NOUN
ko	hi	ADP
invite	en	VERB
kr	hi	PRON
diya	hi	NOUN
h	hi	X
tu	hi	ADP
mt	hi	NOUN
aaiyu	hi	NOUN

Han	hi	X
thik	hi	NOUN
hai	hi	VERB

Usi	hi	NOUN
se	hi	PRON
karo	hi	VERB
baat	hi	NOUN

Mere	hi	NOUN
se	hi	PRON
kyu	hi	PRON

Main	hi	NOUN
jara	hi	NOUN
hu	hi	VERB
nahane	hi	NOUN

jaaa	hi	NOUN

bdbo	hi	NOUN
aa	hi	ADP
rhi	hi	NOUN
h	hi	X

ja	hi	PART

naha	hi	NOUN
le	hi	VERB

Han	hi	X
apko	hi	NOUN
itnei	hi	NOUN
door	hi	NOUN
se	hi	ADP
agayi	hi	VERB
na	hi	PART

Oeeeeee	univ	#

hmmm	hi	PART

or	hi	CONJ
btaaa	univ	NOUN
sb	hi	NOUN
thik	hi	NOUN
na	hi	NOUN

Han	hi	X
di	hi	VERB

Sab	hi	NOUN
thik	hi	NOUN
hi	hi	PART
hai	hi	VERB

okkk	hi	U

kb	hi	PRON
aayega	hi	NOUN

Main	hi	NOUN
ara	hi	NOUN
hu	hi	NOUN
di	hi	ADP
holibse	hi	VERB
ek	hi	DET
din	hi	X
phle	hi	NOUN

okkkk	hi	U

Wo	hi	X
kya	hi	ADJ
chugli	hi	NOUN
kri	hi	PRON
moti	hi	NOUN
meri	hi	NOUN
raat	hi	NOUN
me	hi	PRON
?	univ	X

km	hi	PRON
boli	hi	NOUN
moti	hi	NOUN
mt	hi	PRON
bol	hi	NOUN

Apko	hi	ADJ
Ni	hi	NOUN
puja	hi	NOUN
ko	hi	ADP
moti	hi	ADJ
bola	hi	NOUN

ha	hi	PART
use	en	VERB
hi	hi	PART
moti	hi	NOUN
mt	hi	PRON
bol	hi	X

smjha	ne	PART

mjhe	hi	NOUN
bol	hi	NOUN

main	hi	NOUN
moti	hi	NOUN
ho	hi	VERB
gai	hi	VERB
na	hi	PART

Jada	hi	NOUN
Ni	hi	PRON
hora	hi	NOUN
kuch	hi	DET

ðŸ˜¡	hi	E
hmmm	univ	PART

sun	hi	NOUN
jb	hi	NOUN
jyega	hi	NOUN
na	hi	PART
to	hi	ADP
usse	hi	VERB
phele	hi	NOUN
milne	hi	NOUN
aaiyu	hi	NOUN
mjhse	hi	NOUN

Ha	hi	PART
did	hi	VERB
soch	hi	NOUN
ra	hi	ADP
hu	hi	VERB
..	univ	X

ðŸ¤‘	univ	X

Did	hi	U

Didi	hi	NOUN

hmm	univ	PART

mjhe	hi	NOUN
usk	hi	VERB
liye	hi	ADP
kuch	hi	DET
bhejna	hi	NOUN
h	hi	X

Kya	hi	NOUN
bhej	hi	NOUN
Rahe	hi	NOUN
ho	hi	VERB
?	univ	X

patiyala	hi	NOUN
suit	en	ADJ

dono	hi	DET
mil	hi	NOUN
kr	hi	X
kharid	hi	NOUN
lengeni	hi	VERB
to	hi	ADP
main	hi	NOUN
kharid	hi	NOUN
kr	hi	PRON
rakh	hi	NOUN
lungi	hi	NOUN

Are	hi	VERB
koi	hi	PRON
ni	hi	PART

Nai	hi	PART
bhejo	hi	VERB

fir	hi	NOUN
tere	hi	PRON
ko	hi	ADP
de	hi	ADP
dungi	hi	NOUN

Avasarama	hi	NOUN
dani	hi	NOUN
face	en	NOUN
kosamðŸ˜¡	hi	X

km	hi	PRON
bol	hi	NOUN
bcha	hi	NOUN
h	hi	X
bcha	hi	NOUN
bn	hi	VERB
kr	hi	PRON
reh	hi	X

tu	hi	CONJ
na	hi	PART
km	hi	NOUN
bol	hi	NOUN

Nenu	hi	NOUN
noru	hi	NOUN
moseskonu	hi	NOUN

hm	hi	VERB
dono	hi	DET
k	hi	X
bich	hi	NOUN
mei	hi	NOUN
na	hi	PART
bol	hi	NOUN

oye	hi	VERB
hindi	hi	NOUN
bol	hi	NOUN

Nannu	hi	NOUN
eppudu	hi	NOUN
pampava	univ	NOUN
dresses	en	NOUN
..	univ	X
Dani	hi	NOUN
kotta	hi	ADJ
kotta	hi	ADJ
dresses	en	NOUN
konpeDETavu	hi	NOUN

Nahi	hi	NOUN
bol	hi	NOUN
ra	hi	ADP
hindi	hi	NOUN

ruk	hi	U

Usse	hi	#
hi	hi	PART
Hindi	hi	VERB
me	hi	PRON
translate	en	NOUN
Kara	hi	NOUN
lena	hi	NOUN

ðŸ˜¡	univ	X

kraaa	hi	NOUN
lungi	hi	NOUN

ðŸ˜¡	univ	X

Moti	hi	NOUN

ðŸ‘‹ðŸ½ðŸ‘‹ðŸ½ðŸ‘‹ðŸ½ðŸ‘‹ðŸ½ðŸ‘‹ðŸ½ðŸ‘‹ðŸ½ðŸ‘‹ðŸ½ðŸ‘‹ðŸ½ðŸ‘‹ðŸ½ðŸ‘ŠðŸ»ðŸ‘ŠðŸ»ðŸ‘ŠðŸ»ðŸ‘ŠðŸ»ðŸ‘ŠðŸ»ðŸ‘ŠðŸ»ðŸ‘ŠðŸ»ðŸ‘ŠðŸ»ðŸ‘ŠðŸ»ðŸ‘ŠðŸ»	univ	X

Are	hi	VERB
kab	hi	ADP
jaoge	hi	NOUN
aap	hi	X
lene	hi	VERB
?	univ	X

ab	hi	X
sachi	hi	NOUN
mei	hi	PRON
lhayega	hi	NOUN

khayega	hi	NOUN

Patiyala	en	NOUN
?	univ	X

Mere	hi	NOUN
liye	hi	ADP
do	hi	VERB
chaar	hi	VERB
pajame	hi	NOUN
or	hi	CONJ
shirt	en	NOUN
bhi	hi	NOUN
bhijwa	hi	NOUN
do	hi	VERB

ðŸ˜›ðŸ˜ðŸ˜ðŸ˜ðŸ˜ðŸ˜ðŸ˜ðŸ˜ðŸ˜	univ	X

tu	hi	CONJ
apna	hi	NOUN
kaam	hi	NOUN
kr	hi	X

chl	hi	ADJ
bhaag	hi	NOUN

kbhi	hi	PRON
b	hi	VERB
le	hi	X
lungi	hi	VERB

Shadi	hi	NOUN
me	hi	PRON
rupye	hi	NOUN
dunga	hi	NOUN
kanyadaan	hi	NOUN
ke	hi	PRON

mera	hi	NOUN
kuch	hi	NOUN
ni	hi	PART
malum	ne	NOUN
main	hi	NOUN
kb	hi	NOUN
shopping	en	VERB
kr	hi	PRON
lu	hi	NOUN

ðŸ˜€ðŸ˜€ðŸ˜€	univ	X

Haha	univ	PART

ni	hi	PART
chahiye	hi	NOUN

Lol	univ	U

Le	hi	NOUN
lo	hi	VERB
..	univ	X

tu	hi	CONJ
mt	hi	NOUN
aaiyu	hi	E

Interest	en	ADJ

tujhe	hi	NOUN
di	hi	VERB
ki	hi	PRON
yaad	hi	ADJ
kaha	hi	NOUN
aati	hi	NOUN
h	hi	PART

Are	hi	VERB
aaunga	hi	NOUN

Avni	hi	NOUN
didi	hi	NOUN
ka	hi	NOUN
bhi	hi	NOUN
aise	hi	ADV
Hi	hi	NOUN
nahi	hi	NOUN
nahi	hi	NOUN
bolta	hi	ADJ
tha	hi	DET

sirf	hi	NOUN
pooja	hi	NOUN
aayegi	hi	NOUN
wo	hi	VERB
b	hi	VERB
hr	hi	NOUN
function	en	NOUN
mei	hi	NOUN

Or	hi	X
akhirkar	hi	NOUN
nahi	hi	NOUN
ja	hi	NOUN
payaðŸ˜”	hi	NOUN

okkk	en	U

Beta	hi	NOUN
kya	hi	ADJ
oarichay	hi	NOUN
karwaoge	hi	NOUN
usaka	hi	ADJ
ghar	hi	NOUN
walo	hi	ADP
se	hi	PRON

Parichay	hi	NOUN

agr	hi	X
tu	hi	ADP
meri	hi	NOUN
mei	hi	NOUN
ni	hi	PART
aaya	hi	NOUN
to	hi	ADP
pitega	hi	NOUN
bht	hi	NOUN

hmmm	univ	PART
sahi	hi	NOUN
pkde	hi	NOUN
hðŸ˜œ	hi	X

Hehe	univ	#

kahungi	hi	NOUN
ye	hi	PRON
hone	hi	VERB
wali	hi	NOUN
bahu	hi	NOUN
h	hi	X

Or	hi	X
fir	hi	NOUN
to	hi	ADP
mai	hi	VERB
pakka	hi	NOUN
shadi	hi	VERB
me	hi	PRON
Ni	hi	ADJ
aara	hi	NOUN

aayega	hi	NOUN
ni	hi	PART
to	hi	ADP
pitega	hi	NOUN

Are	hi	VERB
ajaunga	hi	NOUN
di	hi	DET
tension	en	NOUN
na	hi	PART
lo	hi	NOUN

Or	hi	X
mastery	en	NOUN
kaisi	hi	NOUN
chal	hi	ADJ
ri	hi	NOUN
hai	hi	VERB
apki	hi	NOUN

tu	hi	CONJ
pich	hi	NOUN
mt	hi	PRON

bs	hi	VERB

ye	hi	PRON

Matlab	hi	NOUN
?	univ	X

Vistaar	hi	NOUN
se	hi	PRON
bolo	hi	VERB

Bolo	hi	ADJ

btaungi	hi	NOUN
bhi	hi	NOUN

uski	hi	NOUN
shadi	hi	NOUN
ho	hi	VERB
rhi	hi	NOUN
h	hi	X

ðŸ˜“ðŸ˜·	univ	X

Are	hi	VERB
to	hi	ADP
kaise	hi	VERB
fir	hi	NOUN
?	univ	X

Uske	hi	#
gharwale	hi	NOUN
Kara	hi	NOUN
re	hi	NOUN
hain	hi	VERB

??	univ	X

Are	hi	VERB
di	hi	ADP
ap	hi	DET
kamlesh	hi	NOUN
masi	hi	NOUN
ko	hi	ADP
jante	hi	NOUN
ho	hi	VERB
?	univ	X

haaa	hi	ADJ
janti	hi	NOUN
hu	hi	VERB
shayd	hi	VERB

haaa	univ	PART

usk	hi	VERB
ghr	hi	NOUN
wale	hi	NOUN
kraa	hi	NOUN
rh	hi	X
h	hi	X

Wo	hi	ADV
man	hi	NOUN
gaya	hi	NOUN
?	univ	X

dhamki	hi	NOUN
mili	hi	NOUN
h	hi	PART
use	hi	VERB

Aaaaaaaaahhh	univ	NOUN
?	univ	X

Kaisi	hi	NOUN
?	univ	X

ki	hi	PRON
agr	hi	ADJ
tune	hi	NOUN
shadi	hi	NOUN
ni	hi	PART
ki	hi	PRON
to	hi	ADP
hm	hi	VERB
ye	hi	PRON
kr	hi	PRON
lenge	hi	VERB

Ye	hi	PRON
kya	hi	ADJ
karenge	hi	NOUN
?	univ	X

are	hi	VERB
mr	hi	DET
jyenge	hi	VERB

or	hi	CONJ
wo	hi	PART
maan	hi	NOUN
gy	hi	NOUN

Are	hi	VERB
yar	hi	PART

Maa	hi	NOUN
bap	hi	NOUN
hain	hi	VERB
na	hi	PART

To	hi	ADP
ap	hi	VERB
ka	hi	NOUN
karoge	hi	VERB
ab	hi	ADP
di	hi	PRON
?	univ	X

waise	hi	VERB
b	hi	VERB
hmari	hi	NOUN
shadi	hi	NOUN
ni	hi	PART
ho	hi	VERB
skti	hi	NOUN
thi	hi	VERB
tujhe	hi	NOUN
ptaa	hi	NOUN
hai	hi	VERB

hmmm	univ	PART

Han	hi	X
wo	hi	VERB
bhi	hi	NOUN
baat	hi	NOUN
hai	hi	VERB

tu	hi	CONJ
nikhil	univ	ADJ
bhai	hi	NOUN
ko	hi	ADP
janta	hi	ADJ
h	hi	X
na	hi	PART
wo	hi	NOUN
maar	hi	NOUN
daltaaa	hi	NOUN

waise	hi	VERB
b	hi	VERB
wo	hi	ADP
sc	hi	NOUN
tha	hi	X
or	hi	CONJ
b	hi	VERB
kafi	hi	NOUN
dikt	hi	VERB
thi	hi	PRON
to	hi	ADP
acha	hi	ADJ
hua	hi	VERB
uski	hi	NOUN
shadi	hi	NOUN
kahi	hi	NOUN
or	hi	CONJ
ho	hi	DET
rhi	hi	NOUN
ghr	hi	VERB
wale	hi	NOUN
to	hi	ADP
maar	hi	NOUN
hi	hi	NOUN
daltei	hi	NOUN
mjhe	hi	NOUN

Han	hi	X
didi	hi	NOUN

Koi	hi	NOUN
Ni	hi	ADJ
aap	hi	NOUN
ache	hi	ADP
ladki	hi	NOUN
jo	hi	PRON

Kuch	hi	X
hua	hi	VERB
to	hi	ADP
nahi	hi	NOUN
tha	hi	VERB
na	hi	PART
?	univ	X

niiii	hi	ADJ

Chalo	hi	VERB
to	hi	ADP
Jada	hi	NOUN
tension	en	NOUN
na	hi	PART
lo	hi	$
...	univ	X

hmmm	univ	PART

tujhe	hi	NOUN
apni	hi	NOUN
behn	hi	NOUN
pr	hi	NOUN
bharosa	hi	NOUN
h	hi	X
na	hi	PART

ya	hi	PART
ni	hi	PART

Are	hi	VERB
hai	hi	VERB
..	univ	X
Kyu	hi	ADJ
nahi	hi	NOUN
hoga	hi	NOUN

acha	hi	ADJ
ye	hi	PRON
btaaa	hi	NOUN
kmlesh	hi	NOUN
bua	hi	NOUN
k	hi	X
bare	hi	NOUN
mei	hi	PRON
kya	hi	NOUN
bol	hi	X
rh	hi	X
tha	hi	DET

hmmm	univ	PART

baat	hi	NOUN
hoti	hi	VERB
h	hi	PART
hmari	hi	NOUN
aaj	hi	X
b	hi	VERB

Nikki	hi	NOUN
didi	hi	NOUN
hain	hi	VERB
na	hi	PART

hmmm	univ	PART

Unko	hi	NOUN
pics	en	NOUN
moti	hi	NOUN
ko	hi	ADP
dikhaunga	hi	VERB
hain	hi	VERB
Unki	hi	U

okkk	en	U

Fb	en	NOUN
ID	en	NOUN
hai	hi	VERB
?	univ	X

meri	hi	NOUN
?????	univ	X

Are	hi	VERB
unki	hi	NOUN

ptaaa	hi	NOUN
ni	hi	PART
mere	hi	VERB
frd	en	ADJ
list	en	NOUN
mei	hi	NOUN
ni	hi	PART
h	hi	X

Are	hi	VERB
yar	hi	PART

kya	hi	ADJ

???	univ	X

I	en	PRON
mean	en	VERB
.	univ	X
Ye	hi	PRON
bol	hi	X
ri	hi	NOUN
thi	hi	PRON
ki	hi	PRON
unki	hi	NOUN
pics	en	NOUN
do	hi	VERB

okkk	en	U

lucky	univ	ADJ
bhai	hi	NOUN
ki	hi	PRON
frd	en	ADJ
list	en	NOUN
mei	hi	NOUN
ho	hi	VERB
skti	hi	NOUN
h	hi	X
wo	hi	VERB

waise	hi	VERB
wo	hi	VERB
bht	hi	NOUN
achi	hi	ADJ
h	hi	X
kbhi	hi	NOUN
use	en	VERB
chodna	hi	NOUN
ni	hi	PART
okkkk	en	NOUN

Pooja	univ	NOUN
?	univ	X

Han	hi	X
din	hi	VERB
me	hi	PRON
Chand	hi	NOUN
ka	hi	NOUN
tukda	hi	NOUN
ban	hi	VERB
gayi	hi	NOUN
?	univ	X

g	hi	NOUN
ni	hi	PART
wo	hi	PART
b	hi	VERB
ek	hi	PRON
ldki	hi	NOUN
h	hi	PART
isliye	hi	NOUN
bol	hi	X
rhi	hi	NOUN
hu	hi	VERB
as	en	ADP
a	en	DET
human	en	NOUN
...	univ	X

To	hi	ADP
human	en	VERB
to	hi	ADP
main	hi	NOUN
bhi	hi	NOUN
hu	hi	VERB
na	hi	PART

ðŸ˜¡	univ	X

mjhe	hi	NOUN
malum	hi	NOUN
h	hi	PART
kitna	hi	NOUN
bura	hi	NOUN
lgta	hi	NOUN
h	hi	PART
jb	hi	NOUN
hm	hi	VERB
apne	hi	PRON
pyr	hi	ADP
se	hi	PRON
dur	hi	DET
hote	hi	VERB
h	hi	PART

Are	hi	VERB
didi	hi	NOUN

Pata	hi	NOUN
I	en	PRON
also	en	ADV
know	en	VERB

Pata	hi	ADJ
hai	hi	VERB

hmmm	univ	PART

so	en	ADV
pls	en	PART

bhai	hi	NOUN
kbhi	hi	NOUN
kuch	hi	DET
galat	hi	NOUN
kriyu	hi	NOUN

K	en	X
d	hi	DET
..	univ	X
Abhi	hi	VERB
tak	hi	VERB
to	hi	ADP
kiya	hi	NOUN
nai	hi	$
...	univ	X

krna	hi	NOUN
b	hi	VERB
ni	hi	PART
hai	hi	VERB

Nai	hi	PRON
karunga	hi	NOUN
di	hi	VERB
..	univ	X

okkk	en	U

good	en	ADJ

Ap	hi	ADJ
ab	hi	X
fresh	en	NOUN
mind	en	NOUN
se	hi	ADP
ho	hi	VERB
?	univ	X

niii	hi	U

Aca	hi	NOUN
hai	hi	VERB
nai	hi	PRON
large	en	NOUN
?	univ	X

Shadi	hi	NOUN
*	univ	X

koshish	hi	NOUN
kr	hi	X
rhi	hi	NOUN
hu	hi	VERB

hmm	univ	PART

Acha	hi	NOUN
Rona	hi	NOUN
dhona	hi	NOUN
karte	hi	NOUN
ho	hi	VERB
?	univ	X

hmmm	univ	PART

Nai	hi	PART
rona	hi	NOUN

Bhai	hi	NOUN
hai	hi	VERB
na	hi	PART

ðŸ˜˜	univ	X

hmmm	univ	PART

i	en	PRON
know	en	VERB

okkk	en	U

ðŸ˜˜ðŸ˜˜	univ	X

hmmm	univ	PART

â˜ºâ˜ºâ˜ºâ˜ºâ˜º	univ	#
ðŸ˜ŠðŸ˜ŠðŸ˜ŠðŸ˜ŠðŸ˜ŠðŸ˜ŠðŸ˜Š	univ	X

Or	hi	X
dasso	hi	NOUN

kya	hi	ADJ

Kujh	hi	PART
v	hi	X

kya	hi	ADJ

Hehe	univ	#

Chalo	hi	NOUN
mai	hi	NOUN
.	univ	X
Lunch	en	VERB
karne	hi	NOUN
jara	hi	NOUN
hu	hi	VERB

okkk	en	#
bye	en	VERB

Didi	hi	NOUN

Hi	en	PART

hiii	en	U

Kya	hi	ADJ
kr	hi	X
re	hi	ADP
o	hi	CONJ

tv	en	#
dekh	hi	NOUN
rhi	hi	NOUN
hu	hi	VERB

Serial	en	ADJ

ðŸ˜–	univ	X

..	univ	X
hmmmm	univ	PART

sahi	hi	NOUN
pkde	hi	NOUN
h	hi	PART

tu	hi	CONJ
kya	hi	ADJ
kr	hi	PRON
rh	hi	NOUN

Kuch	hi	X
Ni	hi	ADJ
baitha	hi	NOUN
hu	hi	VERB

kisk	hi	VERB
sath	hi	NOUN

pooja	univ	NOUN
k	hi	X

Nahi	hi	NOUN
di	hi	VERB

Hostel	en	#
me	hi	PRON

Kal	hi	X
mandir	hi	NOUN
jaynge	hi	NOUN

Hi	en	PART
di	hi	VERB

Are	hi	VERB
apko	hi	NOUN
dhyan	hi	NOUN
rakhne	hi	NOUN
ka	hi	NOUN
shonk	hi	VERB
hai	hi	VERB
Jada	hi	NOUN
to	hi	ADP
rakh	hi	VERB
lo	hi	VERB
aap	hi	X

acha	hi	ADJ

km	hi	PRON
bol	hi	NOUN

HanðŸ˜¡	hi	U

Use	hi	VERB
b	hi	VERB
bola	hi	NOUN
karo	hi	VERB
mera	hi	NOUN
rakhne	hi	NOUN
k	hi	X
lye	hi	NOUN

pagal	hi	ADJ
mjhe	hi	NOUN
tm	hi	ADP
dono	hi	DET
ka	hi	NOUN
khyl	hi	DET
h	hi	PART

Biased	en	ADJ
ho	hi	VERB
ladkiyp	hi	PRON
ki	hi	PRON
tarafðŸ˜¡	hi	NOUN

Ladkiyo	hi	U

okkkk	en	#
babu	hi	NOUN

niii	hi	ADJ
re	hi	NOUN

EeeeeeðŸ˜ðŸ¤—	univ	U

ðŸ”«	univ	X

ðŸ™„	univ	X

or	hi	CONJ
btaaa	hi	NOUN

sb	hi	PRON
thik	hi	NOUN
???	univ	X

Bas	hi	X
sounga	hi	NOUN
ab	hi	X
to	hi	PART

Sab	hi	NOUN
mast	hi	NOUN
hai	hi	VERB

Thak	hi	NOUN
gaya	hi	NOUN
jaada	hi	NOUN

okkk	en	U

Fir	hi	NOUN
se	hi	PRON
assignment	en	VERB
hai	hi	VERB
ek	hi	DET
or	hi	CONJ

I	en	PRON
mean	en	VERB
aur	hi	E

okk	en	U

chl	hi	ADJ
rest	en	NOUN
kr	hi	PRON
le	hi	VERB

kkk	en	U

Chalo	hi	VERB
to	hi	ADP
rat	hi	VERB
me	hi	PRON
vaartalap	hi	ADV
karte	hi	VERB
hain	hi	VERB

fir	hi	NOUN
pd	hi	NOUN
liyu	hi	VERB

GunnitGunnite	en	#

okkk	en	#
bye	en	VERB

gn	en	U

ðŸ˜˜	univ	X
bye	en	PART
di	hi	VERB

Hapy	en	ADV
women's	en	NOUN
day	en	NOUN
di	hi	ADP

thank	en	VERB
u	en	PRON

ðŸ˜˜ðŸ˜˜	univ	X

gm	en	U

ðŸ˜˜gm	en	X
di	hi	VERB

Hiiiii	en	U

hiii	en	U

Kaisan	hi	NOUN
ba	hi	NOUN
?	univ	X

mst	hi	ADJ
Hi	en	PART

gm	en	U

Hi	en	PART
diðŸ˜˜	hi	VERB

ðŸ˜¡ðŸ˜¡ðŸ˜¡ðŸ˜¡	univ	X

Busy	en	ADJ
ho	hi	VERB
?	univ	X

hiiii	en	U

kaise	hi	#
ho	hi	VERB

Mast	hi	ADJ
hu	hi	PART
di	hi	VERB

Ap	hi	ADJ
suna	hi	NOUN

Sunao	hi	U

thik	hi	NOUN
hu	hi	PART

aap	hi	X
btao	hi	VERB

Main	hi	ADV
abhi	hi	NOUN
evaluation	en	NOUN
karwa	hi	NOUN
k	hi	X
aaraha	hi	NOUN
hu	hi	VERB
Prof	en	NOUN
ke	hi	PRON
cabin	en	VERB
se	hi	PRON

ðŸ˜	univ	X

Or	hi	X
class	en	VERB
me	hi	PRON
baitha	hi	NOUN
hunðŸ˜ðŸ˜	hi	X

Di	hi	NOUN
ram	hi	X
ram	hi	X

ram	hi	X
ram	hi	X

Kaisan	hi	NOUN
ba	hi	NOUN

mst	hi	NOUN
ba	hi	NOUN

aa	hi	ADP
gy	hi	NOUN
tu	hi	ADP

Yo	hi	PART
di	hi	VERB

Agaya	hi	NOUN
ghra	hi	NOUN
pe	hi	ADP

okkk	en	U

Yoo	univ	PART

kb	hi	PRON
aayega	hi	NOUN
???	univ	X

Didi	hi	NOUN
..	univ	X
Abhi	hi	NOUN
rmto	hi	NOUN
akka	hi	ADJ
nahi	hi	NOUN
hai	hi	VERB
ki	hi	PRON
kab	hi	ADP
aaunga	hi	NOUN
..	univ	X

Mujhe	hi	NOUN
kaam	hi	NOUN
bhi	hi	NOUN
bohot	hi	VERB
Mia	hi	NOUN
hua	hi	VERB
hai	hi	VERB
.	univ	X

to	hi	ADP
aa	hi	DET
jaiyu	hi	NOUN
chup	hi	NOUN
chap	hi	VERB

Di	hi	NOUN
il	en	NOUN
try	en	VERB
mah	en	DET
best	en	ADJ

okk	en	U

aa	hi	ADP
jaiyu	hi	NOUN

uska	hi	NOUN
suit	en	ADJ
le	hi	VERB
kr	hi	PRON
jana	hi	NOUN
h	hi	X
to	hi	ADP

okkkk	en	U

ACONJha	hi	NOUN

hmm	univ	PART

Aho	hi	ADJ
aho	hi	PART

hmmm	univ	PART

Kaise	hi	#
ho	hi	VERB
ap	hi	PRON
di	hi	ADP

Kya	hi	ADJ
kar	hi	VERB
re	hi	NOUN
hi	hi	PART
?	univ	X

Ho	hi	PART

kuch	hi	DET
ni	hi	PART

tv	en	#
dekh	hi	NOUN
rhi	hi	NOUN
hu	hi	VERB

Oho	en	U

Ashok	en	NOUN
.	univ	X

ðŸ˜	univ	X

niii	hi	U

kumkum	en	NOUN
bhagya	hi	NOUN

Yar	hi	#
..	univ	X
Chee	hi	VERB

Yakkk	hi	U

kua	hi	#

kya	hi	ADJ

Ye	hi	PRON
kya	hi	NOUN
kya	hi	NOUN
serial	en	ADJ
dekhte	hi	VERB
rehte	hi	VERB
hain	hi	VERB

kyu	hi	#
acha	hi	ADJ
to	hi	ADP
h	hi	VERB
pagal	hi	NOUN
natak	hi	VERB

Wese	hi	NOUN
mujhe	hi	PRON
thik	hi	NOUN
lagta	hi	NOUN
hai	hi	VERB

But	en	CONJ
hw	en	NOUN
can	en	VERB
u	en	PRON
juss	en	VERB
only	en	ADV
watch	en	VERB
serials	en	NOUN
..	univ	X

for	en	ADP
time	en	NOUN
passa	en	NOUN

Passa	hi	NOUN

Tamilla	ne	NOUN
?	univ	X

na	hi	PART

pass	en	NOUN

Ahaaan	hi	NOUN

hmmm	univ	PART

Huu	univ	U

Huu	univ	U

hmmm	univ	PART

or	hi	CONJ

Bas	hi	X
vadyia	hi	NOUN
sab	hi	DET

aa	hi	ADP
ja	hi	NOUN
mom	en	NOUN
se	hi	ADP
b	hi	VERB
mil	hi	NOUN
liyu	hi	NOUN

okk	en	U

Han	hi	X
di	hi	VERB
.	univ	X
Man	en	VERB
to	hi	ADP
bohot	hi	VERB
hai	hi	VERB
mera	hi	NOUN
ghimne	hi	NOUN
ka	hi	NOUN

Par	hi	X
ye	hi	PRON
kaam	hi	VERB
hai	hi	VERB
clg	en	NOUN
ka	hi	NOUN
..	univ	X

to	hi	ADP
aa	hi	DET
ja	hi	NOUN

Cnfuzd	en	NOUN
hun	hi	VERB
bohot	hi	VERB

kr	hi	PRON
liyu	hi	NOUN

dekh	hi	PART
le	hi	VERB

Han	hi	VERB
di	hi	VERB
..	univ	X

Ata	hi	ADJ
Ni	hi	NOUN
..	univ	X

4	hi	ADP
din	hi	X
ki	hi	PART
chutti	hi	NOUN
hai	hi	VERB
Ni	hi	CONJ
..	univ	X
Or	hi	X
jaane	hi	NOUN
ka	hi	NOUN
man	hi	NOUN
har	hi	VERB
jagah	hi	NOUN
hai	hi	VERB

okkk	en	U

aa	hi	ADP
jaiyu	hi	NOUN
okkk	en	VERB

i	en	PRON
m	en	NOUN
waiting	en	VERB

Han	hi	X
di	hi	VERB
aise	hi	ADV
mat	hi	NOUN
bolo	hi	NOUN

Mera	hi	NOUN
to	hi	ADP
khud	hi	VERB
man	hi	NOUN
karta	hi	ADJ
hai	hi	VERB
..	univ	X

okkk	en	U

Aan	hi	U

Upset	en	ADJ
ho	hi	VERB
kya	hi	ADJ
?	univ	X

hmmmm	univ	PART

Kya	hi	ADJ
hua	hi	X
?	univ	X

kuch	hi	DET
ni	hi	PART

tu	hi	CONJ
milne	hi	NOUN
ni	hi	PART
aa	hi	ADP
rh	hi	NOUN
h	hi	X
na	hi	PART
isliye	hi	NOUN

Bolo	hi	ADJ

ACONJha	hi	NOUN

Di	hi	NOUN
apki	hi	NOUN
kasan	hi	NOUN

Kasam	hi	U

Main	hi	ADV
jhuth	hi	NOUN
Ni	hi	PRON
bol	hi	NOUN
ra	hi	NOUN

Abhi	hi	NOUN
b	hi	VERB
bohot	hi	NOUN
kaam	hi	NOUN
hain	hi	VERB

Ap	hi	ADJ
puja	hi	NOUN
se	hi	ADP
puch	hi	DET
kena	hi	NOUN

ptaaa	hi	NOUN
h	hi	PART
b	hi	VERB

babu	hi	NOUN
koi	hi	PRON
ni	hi	PART

tu	hi	CONJ
free	en	ADJ
ho	hi	VERB
jye	hi	NOUN
to	hi	ADP
btaaa	hi	VERB
diyu	hi	ADP
okkkk	en	VERB

Di	hi	NOUN
sach	hi	VERB
me	hi	PRON
..	univ	X
Main	hi	VERB
thoda	hi	NOUN
future	en	NOUN
ki	hi	PRON
tension	en	VERB
me	hi	PRON
bhi	hi	NOUN
hun	hi	VERB
na	hi	PART

are	hi	VERB

mt	hi	PRON
le	hi	VERB
pagal	hi	E

Mm	hi	NOUN
keni	hi	NOUN
paDETi	hi	NOUN
hai	hi	VERB
..	univ	X

Leni	hi	U

tention	en	NOUN
lene	hi	VERB
se	hi	ADP
kuch	hi	DET
ni	hi	PART
hota	hi	NOUN

hmmm	univ	PART

ye	hi	PRON
to	hi	ADP
h	hi	VERB
bt	hi	CONJ
fir	hi	VERB
b	hi	VERB

Hmm	univ	U

Ab	hi	NOUN
summer	en	NOUN
training	en	NOUN
dekhni	hi	VERB
hai	hi	VERB
koi	hi	DET
aCONJhi	hi	ADJ
si	hi	PRON
or	hi	CONJ
btaa	hi	NOUN

okkk	en	U

Han	hi	VERB
..	univ	X

Bas	hi	X
Kuch	hi	X
ni	hi	PART

Gujiya	hi	NOUN
kha	hi	NOUN
lo	hi	VERB
aajao	hi	NOUN

kyu	hi	U

le	hi	VERB
kr	hi	PRON
aa	hi	ADP
jaiyu	hi	NOUN

i	hi	PRON
lv	hi	VERB
gujiyaðŸ˜‹	hi	VERB

khana	hi	NOUN
khaa	hi	NOUN
liya	hi	NOUN
?	univ	X

di	hi	PRON
thik	hi	NOUN
h	hi	NOUN
??	univ	X

ACONJhaðŸ˜…ðŸ˜…	hi	U

namstei	hi	NOUN
bol	hi	NOUN
diyu	hi	DET
di	hi	ADP
ko	hi	ADP
b	hi	VERB
fufa	hi	NOUN
g	hi	NOUN
ko	hi	ADP
b	hi	VERB
okkk	hi	PRON

Aata	hi	ADJ
hu	hi	VERB
to	hi	ADP
launga	hi	VERB

hmmmm	hi	PART

Ahaan	hi	NOUN
..	univ	X
Gujiya	hi	NOUN
or	hi	CONJ
namastey	hi	NOUN
uhh	hi	PRON

okkkk	en	U

ðŸ˜ðŸ˜…ðŸ˜…ðŸ˜…	univ	X

Bhukkad	hi	U

hmmmm	hi	PART

ðŸ˜‚ðŸ˜‚ðŸ˜œ	univ	X

hmmm	hi	PART

Chaalu	hi	NOUN
ladki	hi	NOUN

hmmm	hi	PART

ðŸ˜¡ðŸ˜¡ðŸ˜¡ðŸ˜¡ðŸ˜¡ðŸ˜¡	univ	X

Or	hi	X
kya	hi	ADJ
..	univ	X
ðŸ˜ðŸ˜ðŸ˜…ðŸ˜…ðŸ˜…	univ	X

kyu	hi	PRON
?	univ	X

Are	hi	VERB
koi	hi	PRON
Ni	hi	ADJ
kha	hi	NOUN
kena	hi	NOUN

Lena	hi	NOUN

Ghar	hi	ADJ
nahi	hi	NOUN
aavoge	hi	NOUN
aa	hi	ADP
?	univ	X

okkk	en	U

ðŸ˜Š	univ	X

aaungi	hi	ADJ
abhi	hi	NOUN
mom	en	NOUN
ki	hi	PRON
tbiyt	hi	ADJ
khrb	hi	DET
h	hi	PART

bht	hi	U

Kya	hi	ADJ
hua	hi	X
mami	ne	NOUN
g	hi	NOUN
ko	hi	ADP
?	univ	X

di	hi	PRON
se	hi	PRON
puch	hi	DET
liyu	hi	NOUN
okkk	en	NOUN

Mammi	hi	NOUN
b	hi	VERB
aisi	hi	NOUN
Hi	hi	VERB
hain	hi	VERB
..	univ	X
Khud	hi	VERB
b	hi	VERB
bmar	hi	NOUN
gain	hi	VERB

Hain	hi	U

hmmm	univ	PART

Are	hi	VERB
hmm	univ	PART
se	hi	ADP
age	hi	VERB
b	hi	VERB
Kuch	hi	X
bol	hi	X
lo	hi	VERB

kya	hi	ADJ
???	univ	X

Hmm	univ	X
hmm	univ	PART
kar	hi	VERB
re	hi	NOUN
h	hi	X

acha	hi	ADJ

Or	hi	X
btaaa	hi	NOUN

Bas	hi	X
abhi	hi	NOUN
dinner	en	NOUN
karke	hi	NOUN
aata	hi	ADJ
hu	hi	VERB

okkk	en	U

bye	en	PART

Hi	en	PART

hiii	en	U

ðŸ˜	univ	X

Kya	hi	ADJ
haalðŸ˜ðŸ˜	hi	VERB

bdiya	hi	NOUN

Haha	univ	PART

Khana	hi	NOUN
hogya	hi	NOUN
?	univ	X

hmmm	univ	PART

Namaskar	hi	NOUN
didi	hi	NOUN

Ki	hi	PRON
haal	hi	NOUN
ba	hi	NOUN

ram	hi	X
ram	hi	X
bhai	hi	NOUN

bdiya	hi	NOUN

tm	hi	#
btao	hi	NOUN

Bas	hi	X
maje	hi	VERB
me	hi	PRON

okkk	en	U

or	hi	CONJ
bua	hi	NOUN
g	hi	NOUN
kaisi	hi	NOUN
h	hi	X

Mammi	hi	NOUN
b	hi	VERB
thk	hi	NOUN
thak	hi	VERB
hain	hi	VERB
..	univ	X
Hospital	en	ADJ
gayi	hi	NOUN
hain	hi	VERB
chachi	hi	NOUN
ka	hi	NOUN
Xhekup	en	NOUN
karwane	hi	VERB

okkk	en	U

chachi	hi	NOUN
ko	hi	ADP
kya	hi	ADJ
hua	hi	X

Are	hi	VERB
Kuch	hi	X
hai	hi	VERB
unko	hi	CONJ
prblm	en	NOUN
..	univ	X

okkkk	en	U

or	hi	CONJ
lucky	en	ADJ
bhai	hi	NOUN
gy	hi	NOUN

Na	hi	PART
na	hi	PART

Yahi	hi	NOUN
hai	hi	VERB
abhi	hi	NOUN
to	hi	ADP

okkk	en	U

hello	en	PART
bol	hi	NOUN
de	hi	ADP

fufa	hi	ADJ
g	hi	NOUN
ko	hi	ADP
nmstei	hi	NOUN

Han	hi	X
g	hi	NOUN
bilkul	hi	ADJ
namastey	hi	NOUN

hmmmm	univ	PART

good	en	ADJ

or	hi	CONJ
btaaa	hi	NOUN

Movie	en	NOUN
dekh	hi	VERB
raha	hi	NOUN
hun	hi	VERB
..	univ	X
Awara	hi	NOUN
pagal	hi	ADJ
diwana	hi	NOUN

okkkk	en	U

wo	hi	PART
to	hi	ADP
tu	hi	VERB
h	hi	X

ðŸ˜œ	univ	X

Han	hi	X
SAI	hi	VERB
hai	hi	VERB
.	univ	X
bilkul	hi	NOUN

hmmm	univ	PART

or	hi	CONJ
bta	hi	ADJ

Bas	hi	NOUN
..	univ	X
Aj	hi	X
apna	hi	NOUN
project	en	NOUN
wrk	hi	VERB
start	en	VERB
karunga	hi	NOUN

okkk	en	U

khtm	hi	PRON
kr	hi	X
jldi	hi	NOUN

Han	hi	X
di	hi	VERB
net	en	NOUN
pack	en	NOUN
Jada	hi	NOUN
chahye	hi	NOUN
uske	hi	NOUN
lye	hi	VERB
na	hi	PART

hmmm	univ	PART

wifi	en	PRON
ni	hi	PART
h	hi	PART

Nai	hi	PART
â˜¹â˜¹	univ	NOUN

yaha	hi	PART
ja	hi	NOUN

yhi	hi	PRON
rh	hi	X
liyu	hi	NOUN
kaaam	hi	VERB
b	hi	VERB
kr	hi	PRON
liyu	hi	NOUN

Hahah	univ	PART
...	univ	X

Acha	hi	NOUN
g	hi	NOUN
thk	hi	X
h	hi	X

hmmmm	univ	PART

to	hi	ADP
btaa	hi	NOUN
kb	hi	PRON
tk	hi	CONJ
aayega	hi	NOUN

Aunga	hi	NOUN
didi	hi	NOUN

okkk	en	U

chl	hi	ADJ
kaam	hi	NOUN
khtm	hi	NOUN
kr	hi	X

Han	hi	X
di	hi	VERB
....	univ	X
Bilkul	hi	X

bilkuk	hi	NOUN

bilkul	hi	ADJ

Mammi	hi	NOUN
agyi	hi	NOUN
hain	hi	VERB

okkk	en	U

ram	hi	X
ram	hi	X
di	hi	VERB

Hahahaha	univ	PART

ðŸ˜ðŸ˜	univ	X

Gunjiya	hi	NOUN
khila	hi	NOUN
dunga	hi	NOUN
tension	en	NOUN
mat	hi	NOUN
lo	hi	NOUN
aa	hi	ADP

Ap	hi	U
ðŸ˜‚ðŸ˜‚ðŸ˜‚ðŸ˜‚ðŸ˜‚ðŸ˜‚	hi	X

ho	hi	VERB
gya	hi	NOUN
tera	hi	NOUN

pooja	ne	NOUN
ko	hi	ADP
btau	hi	NOUN
???	univ	X

Han	hi	X
batau	hi	NOUN

Mai	hi	NOUN
Ni	hi	NOUN
darta	hi	NOUN

acha	hi	ADJ

ptaa	hi	NOUN
h	hi	PART
mjhe	hi	VERB

To	hi	ADP
aCONJhi	hi	ADJ
bat	hi	NOUN
hai	hi	VERB
na	hi	PART

hmmm	hi	PART

Hmm	hi	U

or	hi	CONJ

Movie	en	NOUN
againðŸ˜ðŸ˜	en	X

pdai	hi	NOUN
mt	hi	PRON
kriyu	hi	NOUN

Hee	hi	#

May	hi	VERB
this	en	DET
season	en	NOUN
of	hi	ADP
color	hi	NOUN
bring	en	VERB
you	en	PRON
cheer	en	ADJ
and	en	CONJ
happiness	en	VERB
.	univ	X
May	hi	VERB
the	en	DET
colors	hi	NOUN
of	hi	ADP
the	en	DET
Holi	hi	NOUN
continues	en	NOUN
to	hi	ADP
illuminate	en	VERB
your	en	DET
life	ne	NOUN
and	en	CONJ

guide	en	NOUN
you	en	PRON
towards	hi	VERB
the	en	DET
path	univ	NOUN
of	hi	ADP
suCONJess	en	NOUN
.	univ	X
Happy	en	ADJ
Holi	hi	NOUN
!	univ	X
ðŸ˜ŠðŸ˜ŠðŸ˜Š	hi	X

Abbe	hi	NOUN
o	hi	CONJ

Haa	hi	PART

Kidde	hi	NOUN
jal	hi	NOUN

Ha	hi	PART

Hal	en	U

Bdiya	hi	NOUN
tu	hi	ADP
bta	hi	NOUN

Gzb	hi	NOUN
agay	hi	NOUN

Hum	hi	NOUN
to	hi	ADP

Ohh	hi	PART

Gn	hi	U

Direct	en	ADJ
gn	hi	VERB

ðŸ˜‚ðŸ˜‚	hi	X

Hhaha	univ	PART

Esa	hi	NOUN
Hi	hi	PART
kuch	hi	DET

Heheh	hi	PART

Or	hi	X
suna	hi	NOUN

Bs	hi	VERB
yr	hi	NOUN
bdiya	hi	VERB

Tu	hi	#
bta	hi	NOUN

M	hi	$
v	hi	X

Vdya	hi	PART

Dp	hi	NOUN
cute	en	ADJ
h	hi	X
Teri	hi	NOUN
balika	univ	NOUN

Kya	hi	ADJ
baat	hi	NOUN
hai	hi	VERB
ini	univ	PRON
aachi	hi	ADJ
hai	hi	VERB
kya	hi	NOUN

ðŸ˜‚ðŸ˜‚	hi	X

Ab	hi	NOUN
bol	hi	NOUN
rahe	hi	VERB
hai	hi	VERB

SB	hi	NOUN
?	univ	X
Ya	hi	NOUN
ab	hi	ADP
?	univ	X

Sb*ðŸ˜œ	univ	U

ðŸ˜…	hi	X

AÃ¢pke	hi	ADJ
life	ne	NOUN
mein	hi	NOUN
mithÃ¢Ã¢s	hi	NOUN
ho	hi	VERB
â€œCÃ¢dbury	hi	NOUN
Silkâ€	hi	NOUN
jÃ¢ise	en	NOUN

Rounak	en	NOUN
ho	hi	VERB
â€œ	hi	PRON
Berger	ne	NOUN
silkâ€	hi	NOUN
jÃ¢ise	en	NOUN

Mehak	hi	NOUN
ho	hi	VERB
â€œGUCONJI	hi	PRON
â€	hi	NOUN
jaise	hi	NOUN

Tazgi	hi	NOUN
ho	hi	NOUN
â€œColgateâ€	en	PRON
jaise	hi	NOUN
free	en	ADJ
rahe	hi	VERB
â€œHuggiesâ€	univ	VERB
jÃ¢ise	en	NOUN
!	univ	X
HÃ‚PPÅ¸	hi	X
NEW	en	ADJ
YEÃ‚R	hi	NOUN
06	hi	$

Regards	hi	VERB

Priya	univ	NOUN
chawla	univ	NOUN
Hny	hi	ADV
to	hi	ADP
you	en	PRON
n	hi	CONJ
ur	hi	DET
family	ne	NOUN
Stay	en	ADV
fit	hi	ADJ
n	hi	CONJ
fine	en	ADJ

TyðŸ˜Š	hi	X
Hi	hi	PART

Hi	hi	PART
ByeðŸ˜ðŸ˜ðŸ˜	hi	NOUN

Kya	hi	ADJ
by	hi	ADP
Maje	hi	VERB

Paga	hi	NOUN
ðŸ˜	hi	X
Or	hi	X
suna	hi	NOUN

Bs	hi	VERB
bdiy	hi	NOUN
Oy	hi	ADP
kon	hi	PRON
c	hi	NOUN
trphy	hi	NOUN
??	univ	X

Ca	hi	NOUN
me	hi	PRON
mili	hi	NOUN
gaana	hi	NOUN
gaya	hi	NOUN
th	hi	ADP
Are	hi	VERB
gud	hi	NOUN
gud	hi	NOUN
Chhori	hi	NOUN
k	hi	X
haal	hi	NOUN

Bdiya	hi	NOUN
tu	hi	ADP
bta	hi	ADJ
ðŸ˜µðŸ˜µ	hi	X
Itti	hi	NOUN
jldi	hi	NOUN
reply	en	VERB
Kya	hi	NOUN
bat	hi	NOUN

ðŸ˜œðŸ˜œ	hi	X

Abe	hi	VERB
bs	hi	VERB
asa	hi	NOUN
hi	hi	NOUN
mera	hi	NOUN
Han	hi	NOUN
beta	hi	NOUN
Congos	en	NOUN
Gaane	hi	NOUN
k	hi	X
liye	hi	ADP

Teko	hi	NOUN
kese	hi	VERB
pta	hi	ADJ
?	univ	X
Beta	hi	NOUN
joote	en	NOUN
khaoge	hi	NOUN
?	univ	X
Tumne	hi	NOUN
Hi	hi	PRON
btaya	hi	NOUN
ðŸ‘žðŸ‘žðŸ‘¢ðŸ‘¢	hi	X

AachaðŸ˜œðŸ˜œ	hi	NOUN
ðŸ˜„ðŸ˜„ðŸ˜„	hi	X
Ye	hi	PRON
tre	hi	VERB
bhratra	hi	NOUN
h	hi	X
?	univ	X
Ya	hi	NOUN
mitra	hi	NOUN
?	univ	X

Mitra	hi	NOUN
Wah	hi	NOUN
..	univ	X
Apratim	en	E

Kya	hi	ADJ
hua	hi	VERB
teko	hi	CONJ
Abe	hi	VERB
Hindi	hi	NOUN
hai	hi	VERB
Apratim	en	CONJ
=	hi	X
ati	hi	NOUN
sundat	hi	ADJ
Sundar	hi	NOUN

Are	hi	VERB
tbhi	hi	NOUN
to	hi	ADP
pucha	hi	VERB
ki	hi	PRON
hindi	hi	ADJ
kes	hi	NOUN
Are	hi	VERB
mera	hi	NOUN
shonk	hi	VERB
h	hi	PART
M	hi	VERB
	DET
linguist	en	ADJ
Telugu	hi	NOUN
bolun	hi	NOUN
kya	hi	NOUN
??	univ	X
ðŸ˜‰ðŸ˜‰ðŸ˜‰ðŸ˜‰	hi	X

Ohhh	hi	PART

Ha	hi	PART
bolio	hi	NOUN
jara	hi	NOUN
Ela	hi	NOUN
unnaru	hi	ADJ
ra	hi	ADP
pilla	en	NOUN
?	univ	X
Inka	hi	NOUN
em	hi	PRON
chestunnav	hi	NOUN
?	univ	X

Tamil	ne	NOUN
teri	hi	NOUN
yaddaðŸ˜œðŸ˜œ	hi	X
Nai	hi	VERB
..	univ	X
Har	hi	X
pal	univ	VERB
Teri	hi	NOUN
yaddaðŸ˜ðŸ˜ðŸ˜ðŸ˜	hi	X
yadda	hi	NOUN
wich	hi	ADP
h	hi	PART
tu	hi	ADP
Tamil	ne	NOUN
kaha	hi	NOUN
aya	hi	ADJ
game	en	VERB
me	hi	PRON
?	univ	X

ðŸ˜œðŸ˜œ	hi	X

Abe	hi	VERB
bhai	hi	NOUN
ne	hi	ADP
sikahya	hi	NOUN
tha	hi	X
agr	hi	X
tamik	ne	X
nai	hi	VERB
aati	hi	NOUN
to	hi	ADP
bolte	hi	VERB
hai	hi	VERB
tamil	ne	CONJ
teri	hi	NOUN
yada	hi	NOUN
Han	hi	VERB
malum	ne	VERB
hai	hi	VERB
Maje	hi	NOUN
lera	hi	NOUN
tha	hi	DET
Tariyadi	hi	NOUN
bolte	hi	NOUN
h	hi	PART
..	univ	X
Precisely	en	ADV
ðŸ˜ŠðŸ˜ŠðŸ˜Š	hi	X

Abe	hi	VERB
pata	hi	NOUN
na	hi	VERB

ðŸ˜œðŸ˜œ	hi	X
Hehhe	hi	NOUN

Salle	en	ADJ
yaha	hi	NOUN
aaya	hi	ADJ
hua	hi	VERB
hai	hi	VERB

Mila	hi	NOUN
bhi	hi	NOUN
nai	hi	VERB
Abe	hi	VERB
tu	hi	ADP
kidar	hi	NOUN
milna	hi	NOUN
h	hi	X
bta	hi	NOUN
dde	hi	NOUN
Mil	hi	NOUN
lenge	hi	VERB

Ohhh	hi	NOUN
kya	hi	ADJ
baat	hi	NOUN
Tu	hi	ADP
chitegi	en	NOUN
..	univ	X
Rat	hi	NOUN
k	hi	X
04	hi	$
par	hi	NOUN
ek	hi	PRON
ladke	hi	NOUN
ko	hi	ADP
salla	en	NOUN
bolti	hi	NOUN
h	hi	PART
..	univ	X
report	en	VERB
kra	hi	NOUN
sunga	hi	NOUN
Dunga	hi	NOUN
0:4	univ	$

ðŸ˜œðŸ˜œðŸ˜œ	hi	X

Heheh	hi	X
Jb	hi	NOUN
milna	hi	NOUN
ho	hi	VERB
to	hi	PART
bta	hi	VERB
diyo	hi	VERB
H	hi	X
naa	hi	NOUN
Bahutosh	hi	NOUN
k	hi	X
ghr	hi	NOUN
hota	hi	VERB
hua	hi	VERB
mil	hi	NOUN
lunga	hi	NOUN

Aacha	hi	NOUN
g	hi	NOUN
yr	hi	NOUN
time	en	NOUN
ki	hi	PRON
bdi	hi	VERB
dikat	hi	VERB
hai	hi	VERB
Same	en	ADJ
hereðŸ˜„ðŸ˜„ðŸ˜„	en	X

ðŸ˜œðŸ˜œ	hi	X
Anyways	en	NOUN
...	univ	X
Tu	hi	ADP
suna	hi	NOUN
or	hi	CONJ
Kuch	hi	DET
Bhai	hi	NOUN
ka	hi	NOUN
mn	hi	NOUN
lg	hi	NOUN
gya	hi	NOUN
kaali	hi	NOUN
khoobsurati	hi	NOUN
me	hi	PRON
??	univ	X

Haa	hi	NOUN
lag	hi	NOUN
hi	hi	PART
gya	hi	NOUN
Are	hi	VERB
bhaiðŸ˜”	hi	NOUN
Bohot	hi	NOUN
kaala	hi	NOUN
sona	hi	X
hai	hi	VERB
ðŸ˜ðŸ˜ðŸ˜ðŸ˜	hi	X
Jaha	hi	NOUN
jao	hi	NOUN
waha	hi	NOUN

Mtlb	hi	NOUN
Kaali	hi	NOUN
pariyaan	hi	NOUN
Black	en	X
beauty	hi	NOUN

Ohhhh	hi	PART
mai	hi	NOUN
nai	hi	VERB
gyi	hi	NOUN
Jaana	hi	NOUN
b	hi	VERB
mat	hi	NOUN
..	univ	X
Pagal	hi	NOUN
ho	hi	VERB
jygi	hi	NOUN

Oh	hi	PART
okðŸ˜œðŸ˜œ	hi	NOUN
Hmm	hi	X
Nai	hi	NOUN
itna	hi	NOUN
b	hi	VERB
ni	hi	PART
SAI	hi	X
h	hi	X
beta	hi	NOUN

Kya	hi	ADJ
sai	hi	PRON
hai	hi	VERB
re	hi	NOUN

Gud	hi	NOUN
mrn	hi	NOUN
Gud	hi	NOUN
mrng	hi	NOUN

Ab	hi	NOUN
noon	hi	NOUN
ho	hi	VERB
raha	hi	VERB
ha	hi	VERB
Jab	hi	X
jago	hi	NOUN
tab	hi	CONJ
subah	hi	NOUN
.	univ	X
ðŸ˜‰	hi	X

Oh	hi	PART
Han	hi	VERB
.	univ	X
Or	hi	X
kya	hi	ADJ
kar	hi	X
ri	hi	VERB
hai	hi	VERB

Bs	hi	VERB
yr	hi	NOUN
audit	hi	NOUN
pe	hi	ADP
h	hi	X
Kahe	hi	NOUN
ke	hi	PRON
audit	hi	ADJ
pe	hi	ADP
,	hi	X
?	univ	X

Kec	hi	ADJ
college	hi	NOUN

Mohan	hi	NOUN
naga	hi	NOUN
Are	hi	VERB
kya	hi	ADJ
kar	hi	PRON
ri	hi	NOUN
h	hi	PART
..	univ	X
I	hi	PRON
mean	en	VERB
eXplain	hi	VERB
kar	hi	X
thoda	hi	NOUN

Abe	hi	VERB
hr	hi	NOUN
nd	hi	CONJ
aCONJounts	en	VERB
me	hi	PRON
checking	en	VERB

Nd	hi	ADJ
labs	hi	VERB
store	en	NOUN
me	hi	PRON
checking	en	VERB

Cash	hi	NOUN
bank	hi	NOUN
taX	hi	CONJ
nd	hi	CONJ
all	en	DET

Hr	hi	VERB
me	hi	PRON
leave	en	VERB
theek	hi	VERB
hai	hi	VERB
ya	hi	PART
nai	hi	VERB

Lab	hi	VERB
me	hi	PRON
items	en	NOUN
ka	hi	NOUN
rs	hi	VERB
sai	hi	PRON
hai	hi	VERB
ya	hi	PART
nqi	hi	NOUN

Nd	hi	ADJ
al	hi	NOUN
To	hi	ADP
kec	hi	PRON
ne	hi	ADP
allow	hi	NOUN
kar	hi	X
diya	hi	NOUN
tumhe	hi	VERB
?	univ	X

Hum	hi	X
unke	hi	NOUN
auditor	en	ADJ
hai	hi	VERB
yr	hi	NOUN

Unhone	hi	NOUN
appoint	hi	NOUN
kara	hi	NOUN
ha	hi	PART
Ohho	hi	NOUN
..	univ	X
Ye	hi	PRON
bat	hi	X
ha	hi	PART
Wo	hi	ADV
CA	hi	NOUN
wale	hi	NOUN
students	en	NOUN
ko	hi	ADP
appoint	hi	NOUN
karte	hi	VERB
hain	hi	VERB
ky@	univ	PRON
?	univ	X

Ha	hi	PART
Gud	hi	NOUN

Hnhi	hi	U

Hnji	hi	NOUN
Han	hi	X
g	hi	NOUN
dasso	en	NOUN

Ki	hi	PRON
dassa	hi	NOUN
Kujh	hi	X
v	hi	X
das	hi	NOUN
lae	hi	VERB
kudiye	hi	NOUN
ðŸ˜„ðŸ˜„ðŸ˜„ðŸ˜„ðŸ˜„	hi	X

Are	hi	VERB
baalikay	hi	NOUN

ðŸ˜	hi	X
Ha	hi	PART
balam	hi	NOUN
Balak	hi	X

BalamðŸ˜ðŸ˜ðŸ˜ðŸ˜ðŸ˜ðŸ˜ðŸ˜ðŸ˜	hi	U

Abe	hi	VERB
main	hi	NOUN
balam	hi	NOUN
hu	hi	NOUN
kya	hi	ADJ
???	univ	X
ðŸ˜œðŸ˜œðŸ˜œðŸ˜œðŸ˜œðŸ˜œðŸ˜œðŸ˜œðŸ˜œ	hi	X
ðŸ˜‚ðŸ˜‚	hi	X
Galti	hi	NOUN

Na	hi	ADJ
g	hi	NOUN
na	hi	PART
..	univ	X
Irade	univ	NOUN
nake	en	NOUN
na	hi	PART
hannðŸ˜ðŸ˜ðŸ˜ðŸ˜ðŸ˜ðŸ˜ðŸ˜ðŸ˜	hi	$
Nake	en	NOUN
ha8	hi	VERB

Lag	hi	VERB
to	hi	ADP
na	hi	PART
reðŸ˜œðŸ˜œðŸ˜œðŸ˜œðŸ˜œðŸ˜œðŸ˜œ	hi	X
Kya	hi	NOUN
lag	hi	VERB
raha	hi	VERB
hai	hi	VERB

Beta	hi	NOUN
balam	hi	NOUN
Hi	hi	PRON
lag	hi	VERB
ra	hi	ADP
hai	hi	VERB
ðŸ˜ðŸ˜ðŸ˜ðŸ˜ðŸ˜ðŸ˜ðŸ˜ðŸ˜ðŸ˜ðŸ˜ðŸ˜ðŸ˜	hi	X
Nah	hi	ADJ
re	hi	NOUN

Han	hi	X
reðŸ˜†ðŸ˜†ðŸ˜†ðŸ˜†ðŸ˜†ðŸ˜†	hi	VERB
Hi	hi	PRON

Hello	en	ADJ
ji	hi	NOUN
Chal	hi	NOUN
byeðŸ˜œðŸ˜œðŸ˜œðŸ˜œðŸ˜œðŸ˜œðŸ˜œðŸ˜œðŸ˜œðŸ˜œðŸ˜œðŸ˜œðŸ˜œ	hi	NOUN
Class	en	VERB
hai	hi	VERB

Heheh	hi	X
bye	hi	VERB
Happy	en	ADJ
lohri	hi	NOUN
..	univ	X
ðŸ˜˜ðŸ˜˜	hi	X
Ram	univ	NOUN
ram	univ	X
Bhai	hi	NOUN
..	univ	X

Agayeghaziabad	hi	U

Ram	univ	NOUN
ram	univ	X
ji	hi	NOUN

Bhai	hi	NOUN
decide	en	NOUN
kro	hi	E

To	hi	ADP
sbhi	hi	VERB
milte	hi	NOUN
h	hi	X
kbhi	hi	NOUN

ðŸ˜Š	hi	X

Han	hi	X
Bhai	hi	NOUN
...	univ	X

Bikull	hi	ADJ
Haha	univ	NOUN
Burger	hi	NOUN
ek	hi	PRON
or	hi	CONJ
bhukhe	hi	NOUN
ðŸ˜…ðŸ˜‚	hi	X
Bhut	hi	NOUN
nainsaafi	hi	NOUN
h	hi	X
reðŸ˜œðŸ˜…ðŸ˜…	hi	VERB

Hahahaha	univ	PART

Han	hi	X
Bhai	hi	NOUN
esa	hi	NOUN
Hi	hi	PRON
Kuch	hi	X
tha	hi	DET
ðŸ˜…ðŸ˜…ðŸ˜‚	hi	X
Haha	univ	NOUN
â˜º	hi	NOUN
Sahi	hi	NOUN
h	hi	X
bhai	hi	NOUN
But	en	CONJ
mko	hi	NOUN
b	hi	VERB
Burger	hi	X
psnd	hi	NOUN
h	hi	PART
re	hi	ADP
Mko	hi	VERB
to	hi	ADP
bulaya	ne	VERB
b	hi	VERB
nhi	hi	NOUN
kamineðŸ˜ ðŸ˜Ÿ	hi	X

Are	hi	VERB
.	univ	X
Yar	hi	E
..	univ	X
Ye	hi	PRON
bahutosh	hi	NOUN
or	hi	CONJ
vishal	hi	ADJ
jab	hi	NOUN
ek	hi	PRON
sath	univ	NOUN
milte	hi	VERB
hain	hi	VERB
esa	hi	NOUN
bada	hi	NOUN
kam	hi	X
hota	hi	VERB
h	hi	PART
..	univ	X
Or	hi	X
uspe	hi	NOUN
bhi	hi	NOUN
mammi	hi	NOUN
mujhe	hi	NOUN
bahar	hi	NOUN
jaane	hi	NOUN
de	hi	VERB
..	univ	X
or	hi	CONJ
b	hi	VERB
nushkil	hi	NOUN
Hmm	hi	X
Chal	hi	VERB
koi	hi	PRON
nhi	hi	ADJ
bhai	hi	NOUN

Bde	hi	NOUN
log	hi	NOUN
bhai	hi	NOUN
bde	hi	NOUN
logðŸ˜	hi	X

ðŸ˜”ðŸ˜•	hi	X

Are	hi	VERB
Bhai	hi	NOUN
ese	hi	VERB
na	hi	PART
keh	hi	$
...	univ	X

Milne	hi	NOUN
ka	hi	NOUN
plan	en	VERB
banaynge	hi	NOUN
..	univ	X

Tension	ne	NOUN
na	hi	PART
ke	hi	PRON

Mujhe	hi	NOUN
lambi	hi	NOUN
chutti	hi	NOUN
OE	hi	X
aane	hi	NOUN
de	hi	ADP

Abhi	hi	NOUN
to	hi	ADP
main	hi	NOUN
hafte	hi	VERB
bhar	hi	NOUN
hi	hi	PART
aaya	hi	NOUN
hu	hi	VERB

Hmm	hi	U

Koi	hi	NOUN
nhi	hi	VERB

Hafta	hi	ADJ
bht	hi	VERB
h	hi	X
bhai	hi	NOUN

ðŸ˜‰ðŸ˜Š	hi	X

Milte	hi	NOUN
h	hi	PART
holi	hi	NOUN
bad	hi	ADJ
hi	hi	PART

Han	hi	X
yar	hi	PART

Or	hi	X
mere	hi	VERB
projects	en	NOUN
bhi	hi	NOUN
bohot	hi	VERB
hainðŸ˜­ðŸ˜­ðŸ˜­	hi	X

Ohoo	univ	PART
bhai	hi	NOUN

ðŸ˜	hi	X

Chal	hi	ADJ
dekhiyo	hi	VERB

Tym	hi	X
nikal	hi	ADJ
k	hi	X
bhai	hi	NOUN

Isi	hi	NOUN
week	en	NOUN
me	hi	PRON

Lata	ne	NOUN
b	hi	VERB
bol	hi	X
rhi	hi	NOUN
thi	hi	VERB
bht	hi	VERB
din	hi	VERB
se	hi	PRON

Bhai	hi	NOUN
nikalna	hi	ADJ
paDETa	hi	ADJ
hai	hi	VERB
warna	hi	NOUN
mai	hi	NOUN
.	univ	X
To	hi	ADP
bed	hi	VERB
se	hi	PRON
uthu	hi	PRON
hi	hi	$
na	hi	PART

Hmm	hi	U

Nikalna	hi	NOUN
pdega	hi	NOUN
tjhe	hi	NOUN
kamine	hi	NOUN

Kitna	hi	NOUN
aalsi	hi	NOUN
bnega	hi	NOUN

ðŸ˜‘	hi	X

Ek	hi	CONJ
week	en	NOUN
m	hi	VERB
b	hi	VERB
alsi	en	NOUN
panðŸ˜…ðŸ˜…	hi	NOUN

Are	hi	VERB
Bhai	hi	NOUN
mammi	hi	NOUN
pit	hi	NOUN
pit	hi	NOUN
k	hi	X
nahane	hi	NOUN
k	hi	X
liye	hi	ADP
bheja	hi	NOUN
aajðŸ˜…ðŸ˜…ðŸ˜…	hi	NOUN
Haha	univ	NOUN
Sahi	hi	NOUN
kiya	hi	NOUN
Tu	hi	ADP
isi	hi	ADP
layk	hi	VERB
h	hi	PART
bhaiðŸ˜…ðŸ˜‰ðŸ˜†ðŸ˜‚	hi	NOUN
Is	hi	VERB
bar	hi	VERB
me	hi	PRON
to	hi	ADP
aunty	en	NOUN
k	hi	X
sath	univ	NOUN
huðŸ˜‰ðŸ˜…ðŸ¤“ðŸ˜Ž	hi	VERB

Hahahaha	univ	PART

Or	hi	X
suba	hi	NOUN

Suna	hi	NOUN
Bs	hi	VERB
bhai	hi	NOUN
Ghr	hi	NOUN
pe	hi	ADP
Mmy	hi	NOUN
ki	hi	PRON
help	hi	VERB
ðŸ˜‰ðŸ˜‰	hi	X

Ohhoh	hi	NOUN
Hrhe	hi	NOUN
Aaja	hi	NOUN
bhai	hi	NOUN
Gujiya	hi	NOUN
khaleðŸ˜‰	hi	NOUN
Mne	hi	NOUN
bnayi	hi	NOUN
h	hi	X
ðŸ˜ƒ	hi	X

Same	en	ADJ
here	en	ADV
bhai	hi	NOUN

Word	en	NOUN
to	hi	ADP
word	en	VERB

ðŸ˜ðŸ˜	hi	X

Kha	hi	NOUN
le	hi	VERB
tu	hi	ADP
b	hi	VERB
HeheðŸ˜…ðŸ˜…	hi	X
Bilkul	hi	NOUN
bhai	hi	NOUN
Thodi	hi	NOUN
or	hi	CONJ
jada	hi	NOUN
c	hi	NOUN
bna	hi	NOUN

Humbey	hi	ADV
or	hi	CONJ
kya	hi	ADJ
Tb	hi	NOUN
khaunga	hi	NOUN
Dher	en	NOUN
sari	hi	NOUN
ðŸ˜‰	hi	X

Chhere	en	ADV
kag	hi	VERB
jange	hi	NOUN
toe	hi	NOUN

Lag	hi	NOUN
Hrami	ne	NOUN
ðŸ˜ðŸ˜’ðŸ˜’	hi	X
ðŸ˜…ðŸ˜‚	hi	X

ðŸ’©ðŸ’©	hi	X
ðŸ˜›ðŸ˜›	hi	X
ðŸ˜·ðŸ˜·ðŸ˜·ðŸ˜·	hi	X
ðŸ‘»ðŸ‘»ðŸ‘»	hi	X

Are	hi	VERB
Bhai	hi	NOUN
badboo	hi	NOUN
q	hi	NOUN
faia	univ	ADJ
raha	hi	VERB
hai	hi	VERB

Faila	hi	NOUN
ðŸ˜	hi	X
Bhai	hi	NOUN
wo	hi	VERB
b	hi	VERB
spcl	hi	NOUN
offer	hi	NOUN
h	hi	PART
ðŸ˜…ðŸ˜…	hi	X
Badbu	hi	NOUN
b	hi	VERB
bs	hi	NOUN
kallupura	en	NOUN
walo	hi	VERB
k	hi	X
liyeðŸ˜‰ðŸ˜†ðŸ˜…	hi	NOUN
ðŸ‘»ðŸ’€ðŸ‘»	hi	X

Kutte	en	#

Kamine	hi	NOUN
ðŸ˜…ðŸ˜…	hi	X
Haha	univ	NOUN
ðŸ˜†ðŸ˜†ðŸ˜œ	hi	X

May	hi	VERB
this	en	DET
season	en	NOUN
of	hi	ADP
color	hi	NOUN
bring	en	VERB
you	en	PRON
cheer	en	ADJ
and	en	CONJ
happiness	en	VERB
.	univ	X
May	hi	VERB
the	en	DET
colors	hi	NOUN
of	hi	ADP
the	en	DET
Holi	hi	NOUN
continues	en	NOUN
to	hi	ADP
illuminate	en	VERB
your	en	DET
life	ne	NOUN
and	en	CONJ

guide	en	NOUN
you	en	PRON
towards	hi	VERB
the	en	DET
path	univ	NOUN
of	hi	ADP
suCONJess	en	NOUN
.	univ	X
Happy	en	ADJ
Holi	hi	NOUN
!	univ	X
ðŸ˜ŠðŸ˜ŠðŸ˜Š	hi	X
May	hi	VERB
god	hi	NOUN
gift	hi	NOUN
u	hi	PRON
all	en	DET
the	en	DET
colors	hi	NOUN
of	hi	ADP
life	ne	NOUN
,	hi	X
Colors	hi	NOUN
of	hi	ADP
joy	hi	NOUN
,	hi	X
Colors	hi	NOUN
of	hi	ADP
happiness	en	NOUN
,	hi	X
Colors	hi	NOUN
of	hi	ADP
friendship	en	NOUN
,	hi	X
Colors	hi	NOUN
of	hi	ADP
luv	hi	NOUN
and	en	CONJ
All	en	DET
other	en	ADJ
colors	hi	NOUN
U	hi	PRON
want	en	VERB
to	hi	ADP
paint	en	VERB
in	hi	ADP
ur	hi	DET
life	ne	NOUN
.	univ	X
Happy	en	ADJ
holi	hi	NOUN
.	univ	X
ðŸ¤—	hi	X
Wishing	en	VERB
You	en	PRON
And	en	VERB
Your	en	DET
Family	ne	ADV
A	en	DET
Very	en	ADJ
Bright	en	NOUN
,	hi	X
Colourful	hi	ADJ
And	en	CONJ

Joyful	hi	ADJ
Holi	hi	NOUN
With	en	ADP
Love	en	NOUN
And	en	CONJ
Best	en	ADJ
Wishes	en	NOUN
!	univ	X

ðŸ˜ðŸ˜	hi	X

Hi	hi	PART
bhayya	hi	NOUN

Hanji	hi	U

Janab	ne	U

Bhaiyya	hi	NOUN
iPhone	en	NOUN
kitne	hi	PRON
ka	hi	NOUN
liya	hi	NOUN
aapne	hi	PRON

??	univ	X

Bhai	hi	NOUN
Black	en	X
Friday	en	NOUN
ki	hi	PRON
deal	hi	ADJ
mein	hi	NOUN
mila	hi	NOUN
Kaafi	hi	NOUN
sastaa	en	NOUN

Kitne	hi	NOUN
mei	hi	NOUN
mila	hi	NOUN
bhayya	hi	NOUN

Around	en	NOUN
45000	hi	$
ka	hi	NOUN
.	univ	X

Phir	hi	X
bhi	hi	NOUN

India	ne	NOUN
mein	hi	NOUN
around	en	ADP
65k	hi	$
ka	hi	NOUN
hai	hi	VERB
.	univ	X

Phir	hi	NOUN
se	hi	PRON
aayegi	hi	PRON
kya	hi	ADJ
bhaiyya	hi	NOUN
deal	hi	ADJ

Hahaha	univ	PART

NeXt	en	ADJ
yearðŸ˜œ	en	PART

Haan	hi	ADV
shayad	hi	NOUN
Jumia	hi	NOUN
ki	hi	PRON
anniversary	en	ADJ
acne	hi	NOUN
wali	hi	VERB
hai	hi	VERB
.	univ	X
To	hi	ADP
shayad	hi	VERB
phir	hi	DET
aaye	hi	NOUN
sale	hi	NOUN
.	univ	X

Kise	hi	ADJ
Lena	hi	NOUN
hai	hi	VERB
.	univ	X

Dost	hi	ADJ
ne	hi	ADP
pucha	hi	NOUN
tha	hi	X

Hmm	hi	PART
.	univ	X

May	hi	VERB
be	hi	VERB
I	hi	PRON
heard	en	VERB
neXt	en	ADJ
week	en	NOUN
aayegi	hi	NOUN
sale	hi	NOUN
dubara	hi	NOUN
.	univ	X

Mac	hi	NOUN
book	hi	VERB
air	hi	X
kitne	hi	PRON
lagegi	hi	NOUN
bhayya	hi	NOUN

But	en	CONJ
not	en	ADV
like	en	ADP
black	en	ADJ
friday	en	NOUN
.	univ	X

May	hi	VERB
be	hi	VERB
the	en	DET
discounts	en	NOUN
are	hi	VERB
less	en	VERB
.	univ	X

Acha	hi	NOUN

MacBook	hi	NOUN
Air	hi	DET
pro	en	VERB
.	univ	X

Mac	hi	NOUN
book	hi	VERB
air	hi	E

Pro	en	NOUN
nahi	hi	NOUN
bhayya	hi	VERB

http://695048	univ	U

Check	en	VERB
this	en	PRON
.	univ	X
ðŸ‘†	hi	X

Bhaiyya	hi	NOUN
air	hi	X

Bhaiyya	hi	NOUN
rupees	ne	NOUN
mei	hi	PRON
kitnaðŸ˜œ	hi	X

Bhai	hi	NOUN
pata	hi	ADJ
nahi	hi	NOUN
.	univ	X

I	hi	PRON
am	hi	VERB
not	en	ADV
a	en	DET
real	en	ADJ
fanatic	hi	NOUN
of	hi	ADP
Apple	hi	NOUN
.	univ	X

Just	en	ADV
bought	en	VERB
this	en	DET
phone	en	NOUN
as	hi	ADP
I	hi	PRON
got	en	VERB
a	hi	DET
good	en	ADJ
deal	hi	NOUN
.	univ	X

Thik	hi	NOUN
h	hi	PART
bhayya	hi	NOUN

Divided	en	VERB
by	hi	ADP
4	hi	ADP

Thik	hi	NOUN
h	hi	PART
bhayya	hi	NOUN

Aur	hi	X
aap	hi	X
kise	hi	PRON
ho	hi	VERB

Naira	hi	NOUN
is	hi	VERB
approX	hi	ADV
45	hi	$
against	en	ADP
dollar	en	NOUN
.	univ	X

Bas	hi	X
mast	hi	X
.	univ	X

Missing	en	VERB
family	ne	NOUN
.	univ	X
badly	hi	ADV

Ghar	hi	NOUN
mein	hi	NOUN
aaj	hi	X
shaadi	hi	NOUN
hai	hi	VERB
.	univ	X

ðŸ˜£ðŸ˜žðŸ˜’ðŸ˜ŒðŸ˜”	hi	X

ðŸ˜­	hi	X

Ayayyo	hi	U

Kiski	hi	NOUN
shadi	hi	NOUN
h	hi	X
bhaiyya	hi	NOUN
?	univ	X

Hehe	hi	#

Behen	hi	NOUN
ki	hi	PRON
shaadi	hi	NOUN
and	en	CONJ
M	hi	VERB
not	en	ADV
there	en	ADV
.	univ	X

ðŸ˜ž	hi	X

Bombay	hi	NOUN
wale	hi	NOUN
chachaji	hi	NOUN
ki	hi	PRON
.	univ	X
beti	hi	PRON
ki	hi	PRON

Acha	hi	NOUN
bhaiyya	hi	NOUN

Aap	hi	NOUN
kab	hi	ADP
aarahe	hi	NOUN
ho	hi	VERB

I	hi	PRON
will	en	VERB
land	en	VERB
on	hi	ADP
9th	hi	$

Morning	en	NOUN
